<?xml version="1.0" encoding="UTF-8"?> 
<?xml-stylesheet type="text/css" href="estilos_exa.css"?>
<empleados>

  <empleado id= '1'>
    <nombre>Julia</nombre>
    <apellido>Otero</apellido>
    <departamento>Comunicacion</departamento>
    <salario>5000</salario>
    <fecha_nac>07/05/1983</fecha_nac>
  </empleado>
 
  <empleado id= '_2' >
    <nombre>Pablo</nombre>
    <apellido>Coches</apellido>
    <departamento>Mantenimiento</departamento>
    <salario>1200</salario>
    <fecha_nac>13/07/1972</fecha_nac>
  </empleado>

 <empleado id= '_3'>
    <nombre>Cira</nombre>
    <apellido>Sánchez</apellido>
    <departamento>Ventas</departamento>
    <salario>6000</salario>
    <fecha_nac>01/11/1987</fecha_nac>
  </empleado>

 
 <empleado id= '_4'>
    <nombre>Mariano</nombre>
    <apellido>Casas</apellido>
    <departamento>Marketing</departamento>
    <salario>3000</salario>
    <fecha_nac>31/05/1989</fecha_nac>
  </empleado>

  <empleado id= '_5' >
    <nombre>Citripio</nombre>
    <apellido>Pascual</apellido>
    <departamento>Mantenimiento</departamento>
    <salario>1200</salario>
    <fecha_nac>08/06/1996</fecha_nac>
  </empleado>

  <empleado id= '_6'>
    <nombre>Olivia</nombre>
    <apellido>Newton</apellido>
    <departamento>Contabilidad</departamento>
    <salario>3000</salario>
    <fecha_nac>02/07/1984</fecha_nac>
  </empleado>

    <empleado id= '_7' >
    <nombre>Micaela</nombre>
    <apellido>Rojas</apellido>
    <departamento>Ventas</departamento>
    <salario>1500</salario>
    <fecha_nac>03/07/1978</fecha_nac>
  </empleado>

</empleados> 